sample,group,short_reads_1,short_reads_2,long_reads
C4,,/proj/snic2020-5-486/dbp_gut_microbiome/DataDelivery_2023-01-10_15-17-23_ngisthlm00104/files/P27457/P27457_101/02-FASTQ/221205_A00689_0706_BHYV7CDSX3/P27457_101_S13_L004_R1_001.fastq.gz,/proj/snic2020-5-486/dbp_gut_microbiome/DataDelivery_2023-01-10_15-17-23_ngisthlm00104/files/P27457/P27457_101/02-FASTQ/221205_A00689_0706_BHYV7CDSX3/P27457_101_S13_L004_R2_001.fastq.gz,
C5,,/proj/snic2020-5-486/dbp_gut_microbiome/DataDelivery_2023-01-10_15-17-23_ngisthlm00104/files/P27457/P27457_180/02-FASTQ/221205_A00689_0706_BHYV7CDSX3/P27457_180_S92_L004_R1_001.fastq.gz,/proj/snic2020-5-486/dbp_gut_microbiome/DataDelivery_2023-01-10_15-17-23_ngisthlm00104/files/P27457/P27457_180/02-FASTQ/221205_A00689_0706_BHYV7CDSX3/P27457_180_S92_L004_R2_001.fastq.gz,
C2,,/proj/snic2020-5-486/dbp_gut_microbiome/DataDelivery_2023-01-10_15-17-23_ngisthlm00104/files/P27457/P27457_179/02-FASTQ/221205_A00689_0706_BHYV7CDSX3/P27457_179_S91_L004_R1_001.fastq.gz,/proj/snic2020-5-486/dbp_gut_microbiome/DataDelivery_2023-01-10_15-17-23_ngisthlm00104/files/P27457/P27457_179/02-FASTQ/221205_A00689_0706_BHYV7CDSX3/P27457_179_S91_L004_R2_001.fastq.gz,
C9,,/proj/snic2020-5-486/dbp_gut_microbiome/DataDelivery_2023-01-10_15-17-23_ngisthlm00104/files/P27457/P27457_174/02-FASTQ/221205_A00689_0706_BHYV7CDSX3/P27457_174_S86_L004_R1_001.fastq.gz,/proj/snic2020-5-486/dbp_gut_microbiome/DataDelivery_2023-01-10_15-17-23_ngisthlm00104/files/P27457/P27457_174/02-FASTQ/221205_A00689_0706_BHYV7CDSX3/P27457_174_S86_L004_R2_001.fastq.gz,
C8,,/proj/snic2020-5-486/dbp_gut_microbiome/DataDelivery_2023-01-10_15-17-23_ngisthlm00104/files/P27457/P27457_173/02-FASTQ/221205_A00689_0706_BHYV7CDSX3/P27457_173_S85_L004_R1_001.fastq.gz,/proj/snic2020-5-486/dbp_gut_microbiome/DataDelivery_2023-01-10_15-17-23_ngisthlm00104/files/P27457/P27457_173/02-FASTQ/221205_A00689_0706_BHYV7CDSX3/P27457_173_S85_L004_R2_001.fastq.gz,
C10,,/proj/snic2020-5-486/dbp_gut_microbiome/DataDelivery_2023-01-10_15-17-23_ngisthlm00104/files/P27457/P27457_169/02-FASTQ/221205_A00689_0706_BHYV7CDSX3/P27457_169_S81_L004_R1_001.fastq.gz,/proj/snic2020-5-486/dbp_gut_microbiome/DataDelivery_2023-01-10_15-17-23_ngisthlm00104/files/P27457/P27457_169/02-FASTQ/221205_A00689_0706_BHYV7CDSX3/P27457_169_S81_L004_R2_001.fastq.gz,
C11,,/proj/snic2020-5-486/dbp_gut_microbiome/DataDelivery_2023-01-10_15-17-23_ngisthlm00104/files/P27457/P27457_156/02-FASTQ/221205_A00689_0706_BHYV7CDSX3/P27457_156_S68_L004_R1_001.fastq.gz,/proj/snic2020-5-486/dbp_gut_microbiome/DataDelivery_2023-01-10_15-17-23_ngisthlm00104/files/P27457/P27457_156/02-FASTQ/221205_A00689_0706_BHYV7CDSX3/P27457_156_S68_L004_R2_001.fastq.gz,
C1,,/proj/snic2020-5-486/dbp_gut_microbiome/DataDelivery_2023-01-10_15-17-23_ngisthlm00104/files/P27457/P27457_153/02-FASTQ/221205_A00689_0706_BHYV7CDSX3/P27457_153_S65_L004_R1_001.fastq.gz,/proj/snic2020-5-486/dbp_gut_microbiome/DataDelivery_2023-01-10_15-17-23_ngisthlm00104/files/P27457/P27457_153/02-FASTQ/221205_A00689_0706_BHYV7CDSX3/P27457_153_S65_L004_R2_001.fastq.gz,
C6,,/proj/snic2020-5-486/dbp_gut_microbiome/DataDelivery_2023-01-10_15-17-23_ngisthlm00104/files/P27457/P27457_134/02-FASTQ/221205_A00689_0706_BHYV7CDSX3/P27457_134_S46_L004_R1_001.fastq.gz,/proj/snic2020-5-486/dbp_gut_microbiome/DataDelivery_2023-01-10_15-17-23_ngisthlm00104/files/P27457/P27457_134/02-FASTQ/221205_A00689_0706_BHYV7CDSX3/P27457_134_S46_L004_R2_001.fastq.gz,
C3,,/proj/snic2020-5-486/dbp_gut_microbiome/DataDelivery_2023-01-10_15-17-23_ngisthlm00104/files/P27457/P27457_131/02-FASTQ/221205_A00689_0706_BHYV7CDSX3/P27457_131_S43_L004_R1_001.fastq.gz,/proj/snic2020-5-486/dbp_gut_microbiome/DataDelivery_2023-01-10_15-17-23_ngisthlm00104/files/P27457/P27457_131/02-FASTQ/221205_A00689_0706_BHYV7CDSX3/P27457_131_S43_L004_R2_001.fastq.gz,
C11_t.r,,/proj/snic2020-5-486/dbp_gut_microbiome/DataDelivery_2023-01-10_15-17-23_ngisthlm00104/files/P27457/P27457_117/02-FASTQ/221205_A00689_0706_BHYV7CDSX3/P27457_117_S29_L004_R1_001.fastq.gz,/proj/snic2020-5-486/dbp_gut_microbiome/DataDelivery_2023-01-10_15-17-23_ngisthlm00104/files/P27457/P27457_117/02-FASTQ/221205_A00689_0706_BHYV7CDSX3/P27457_117_S29_L004_R2_001.fastq.gz,
C7,,/proj/snic2020-5-486/dbp_gut_microbiome/DataDelivery_2023-01-10_15-17-23_ngisthlm00104/files/P27457/P27457_155/02-FASTQ/221205_A00689_0706_BHYV7CDSX3/P27457_155_S67_L004_R1_001.fastq.gz,/proj/snic2020-5-486/dbp_gut_microbiome/DataDelivery_2023-01-10_15-17-23_ngisthlm00104/files/P27457/P27457_155/02-FASTQ/221205_A00689_0706_BHYV7CDSX3/P27457_155_S67_L004_R2_001.fastq.gz,
H2,,/proj/snic2020-5-486/dbp_gut_microbiome/DataDelivery_2023-01-10_15-17-23_ngisthlm00104/files/P27457/P27457_109/02-FASTQ/221205_A00689_0706_BHYV7CDSX3/P27457_109_S21_L004_R1_001.fastq.gz,/proj/snic2020-5-486/dbp_gut_microbiome/DataDelivery_2023-01-10_15-17-23_ngisthlm00104/files/P27457/P27457_109/02-FASTQ/221205_A00689_0706_BHYV7CDSX3/P27457_109_S21_L004_R2_001.fastq.gz,
H11,,/proj/snic2020-5-486/dbp_gut_microbiome/DataDelivery_2023-01-10_15-17-23_ngisthlm00104/files/P27457/P27457_145/02-FASTQ/221205_A00689_0706_BHYV7CDSX3/P27457_145_S57_L004_R1_001.fastq.gz,/proj/snic2020-5-486/dbp_gut_microbiome/DataDelivery_2023-01-10_15-17-23_ngisthlm00104/files/P27457/P27457_145/02-FASTQ/221205_A00689_0706_BHYV7CDSX3/P27457_145_S57_L004_R2_001.fastq.gz,
H1,,/proj/snic2020-5-486/dbp_gut_microbiome/DataDelivery_2023-01-10_15-17-23_ngisthlm00104/files/P27457/P27457_167/02-FASTQ/221205_A00689_0706_BHYV7CDSX3/P27457_167_S79_L004_R1_001.fastq.gz,/proj/snic2020-5-486/dbp_gut_microbiome/DataDelivery_2023-01-10_15-17-23_ngisthlm00104/files/P27457/P27457_167/02-FASTQ/221205_A00689_0706_BHYV7CDSX3/P27457_167_S79_L004_R2_001.fastq.gz,
H8,,/proj/snic2020-5-486/dbp_gut_microbiome/DataDelivery_2023-01-10_15-17-23_ngisthlm00104/files/P27457/P27457_106/02-FASTQ/221205_A00689_0706_BHYV7CDSX3/P27457_106_S18_L004_R1_001.fastq.gz,/proj/snic2020-5-486/dbp_gut_microbiome/DataDelivery_2023-01-10_15-17-23_ngisthlm00104/files/P27457/P27457_106/02-FASTQ/221205_A00689_0706_BHYV7CDSX3/P27457_106_S18_L004_R2_001.fastq.gz,
H9,,/proj/snic2020-5-486/dbp_gut_microbiome/DataDelivery_2023-01-10_15-17-23_ngisthlm00104/files/P27457/P27457_176/02-FASTQ/221205_A00689_0706_BHYV7CDSX3/P27457_176_S88_L004_R1_001.fastq.gz,/proj/snic2020-5-486/dbp_gut_microbiome/DataDelivery_2023-01-10_15-17-23_ngisthlm00104/files/P27457/P27457_176/02-FASTQ/221205_A00689_0706_BHYV7CDSX3/P27457_176_S88_L004_R2_001.fastq.gz,
H6,,/proj/snic2020-5-486/dbp_gut_microbiome/DataDelivery_2023-01-10_15-17-23_ngisthlm00104/files/P27457/P27457_183/02-FASTQ/221205_A00689_0706_BHYV7CDSX3/P27457_183_S95_L004_R1_001.fastq.gz,/proj/snic2020-5-486/dbp_gut_microbiome/DataDelivery_2023-01-10_15-17-23_ngisthlm00104/files/P27457/P27457_183/02-FASTQ/221205_A00689_0706_BHYV7CDSX3/P27457_183_S95_L004_R2_001.fastq.gz,
H10_t.r,,/proj/snic2020-5-486/dbp_gut_microbiome/DataDelivery_2023-01-10_15-17-23_ngisthlm00104/files/P27457/P27457_184/02-FASTQ/221205_A00689_0706_BHYV7CDSX3/P27457_184_S96_L004_R1_001.fastq.gz,/proj/snic2020-5-486/dbp_gut_microbiome/DataDelivery_2023-01-10_15-17-23_ngisthlm00104/files/P27457/P27457_184/02-FASTQ/221205_A00689_0706_BHYV7CDSX3/P27457_184_S96_L004_R2_001.fastq.gz,
H3,,/proj/snic2020-5-486/dbp_gut_microbiome/DataDelivery_2023-01-10_15-17-23_ngisthlm00104/files/P27457/P27457_185/02-FASTQ/221205_A00689_0706_BHYV7CDSX3/P27457_185_S97_L004_R1_001.fastq.gz,/proj/snic2020-5-486/dbp_gut_microbiome/DataDelivery_2023-01-10_15-17-23_ngisthlm00104/files/P27457/P27457_185/02-FASTQ/221205_A00689_0706_BHYV7CDSX3/P27457_185_S97_L004_R2_001.fastq.gz,
H10,,/proj/snic2020-5-486/dbp_gut_microbiome/DataDelivery_2023-01-10_15-17-23_ngisthlm00104/files/P27457/P27457_154/02-FASTQ/221205_A00689_0706_BHYV7CDSX3/P27457_154_S66_L004_R1_001.fastq.gz,/proj/snic2020-5-486/dbp_gut_microbiome/DataDelivery_2023-01-10_15-17-23_ngisthlm00104/files/P27457/P27457_154/02-FASTQ/221205_A00689_0706_BHYV7CDSX3/P27457_154_S66_L004_R2_001.fastq.gz,
H5,,/proj/snic2020-5-486/dbp_gut_microbiome/DataDelivery_2023-01-10_15-17-23_ngisthlm00104/files/P27457/P27457_121/02-FASTQ/221205_A00689_0706_BHYV7CDSX3/P27457_121_S33_L004_R1_001.fastq.gz,/proj/snic2020-5-486/dbp_gut_microbiome/DataDelivery_2023-01-10_15-17-23_ngisthlm00104/files/P27457/P27457_121/02-FASTQ/221205_A00689_0706_BHYV7CDSX3/P27457_121_S33_L004_R2_001.fastq.gz,
H7,,/proj/snic2020-5-486/dbp_gut_microbiome/DataDelivery_2023-01-10_15-17-23_ngisthlm00104/files/P27457/P27457_116/02-FASTQ/221205_A00689_0706_BHYV7CDSX3/P27457_116_S28_L004_R1_001.fastq.gz,/proj/snic2020-5-486/dbp_gut_microbiome/DataDelivery_2023-01-10_15-17-23_ngisthlm00104/files/P27457/P27457_116/02-FASTQ/221205_A00689_0706_BHYV7CDSX3/P27457_116_S28_L004_R2_001.fastq.gz,
H4,,/proj/snic2020-5-486/dbp_gut_microbiome/DataDelivery_2023-01-10_15-17-23_ngisthlm00104/files/P27457/P27457_189/02-FASTQ/221205_A00689_0706_BHYV7CDSX3/P27457_189_S101_L004_R1_001.fastq.gz,/proj/snic2020-5-486/dbp_gut_microbiome/DataDelivery_2023-01-10_15-17-23_ngisthlm00104/files/P27457/P27457_189/02-FASTQ/221205_A00689_0706_BHYV7CDSX3/P27457_189_S101_L004_R2_001.fastq.gz,
L4,,/proj/snic2020-5-486/dbp_gut_microbiome/DataDelivery_2023-01-10_15-17-23_ngisthlm00104/files/P27457/P27457_138/02-FASTQ/221205_A00689_0706_BHYV7CDSX3/P27457_138_S50_L004_R1_001.fastq.gz,/proj/snic2020-5-486/dbp_gut_microbiome/DataDelivery_2023-01-10_15-17-23_ngisthlm00104/files/P27457/P27457_138/02-FASTQ/221205_A00689_0706_BHYV7CDSX3/P27457_138_S50_L004_R2_001.fastq.gz,
L5,,/proj/snic2020-5-486/dbp_gut_microbiome/DataDelivery_2023-01-10_15-17-23_ngisthlm00104/files/P27457/P27457_115/02-FASTQ/221205_A00689_0706_BHYV7CDSX3/P27457_115_S27_L004_R1_001.fastq.gz,/proj/snic2020-5-486/dbp_gut_microbiome/DataDelivery_2023-01-10_15-17-23_ngisthlm00104/files/P27457/P27457_115/02-FASTQ/221205_A00689_0706_BHYV7CDSX3/P27457_115_S27_L004_R2_001.fastq.gz,
L9,,/proj/snic2020-5-486/dbp_gut_microbiome/DataDelivery_2023-01-10_15-17-23_ngisthlm00104/files/P27457/P27457_206/02-FASTQ/221205_A00689_0706_BHYV7CDSX3/P27457_206_S110_L004_R1_001.fastq.gz,/proj/snic2020-5-486/dbp_gut_microbiome/DataDelivery_2023-01-10_15-17-23_ngisthlm00104/files/P27457/P27457_206/02-FASTQ/221205_A00689_0706_BHYV7CDSX3/P27457_206_S110_L004_R2_001.fastq.gz,
L3,,/proj/snic2020-5-486/dbp_gut_microbiome/DataDelivery_2023-01-10_15-17-23_ngisthlm00104/files/P27457/P27457_203/02-FASTQ/221205_A00689_0706_BHYV7CDSX3/P27457_203_S107_L004_R1_001.fastq.gz,/proj/snic2020-5-486/dbp_gut_microbiome/DataDelivery_2023-01-10_15-17-23_ngisthlm00104/files/P27457/P27457_203/02-FASTQ/221205_A00689_0706_BHYV7CDSX3/P27457_203_S107_L004_R2_001.fastq.gz,
L8,,/proj/snic2020-5-486/dbp_gut_microbiome/DataDelivery_2023-01-10_15-17-23_ngisthlm00104/files/P27457/P27457_132/02-FASTQ/221205_A00689_0706_BHYV7CDSX3/P27457_132_S44_L004_R1_001.fastq.gz,/proj/snic2020-5-486/dbp_gut_microbiome/DataDelivery_2023-01-10_15-17-23_ngisthlm00104/files/P27457/P27457_132/02-FASTQ/221205_A00689_0706_BHYV7CDSX3/P27457_132_S44_L004_R2_001.fastq.gz,
L6_t.r,,/proj/snic2020-5-486/dbp_gut_microbiome/DataDelivery_2023-01-10_15-17-23_ngisthlm00104/files/P27457/P27457_205/02-FASTQ/221205_A00689_0706_BHYV7CDSX3/P27457_205_S109_L004_R1_001.fastq.gz,/proj/snic2020-5-486/dbp_gut_microbiome/DataDelivery_2023-01-10_15-17-23_ngisthlm00104/files/P27457/P27457_205/02-FASTQ/221205_A00689_0706_BHYV7CDSX3/P27457_205_S109_L004_R2_001.fastq.gz,
L7,,/proj/snic2020-5-486/dbp_gut_microbiome/DataDelivery_2023-01-10_15-17-23_ngisthlm00104/files/P27457/P27457_178/02-FASTQ/221205_A00689_0706_BHYV7CDSX3/P27457_178_S90_L004_R1_001.fastq.gz,/proj/snic2020-5-486/dbp_gut_microbiome/DataDelivery_2023-01-10_15-17-23_ngisthlm00104/files/P27457/P27457_178/02-FASTQ/221205_A00689_0706_BHYV7CDSX3/P27457_178_S90_L004_R2_001.fastq.gz,
L6,,/proj/snic2020-5-486/dbp_gut_microbiome/DataDelivery_2023-01-10_15-17-23_ngisthlm00104/files/P27457/P27457_127/02-FASTQ/221205_A00689_0706_BHYV7CDSX3/P27457_127_S39_L004_R1_001.fastq.gz,/proj/snic2020-5-486/dbp_gut_microbiome/DataDelivery_2023-01-10_15-17-23_ngisthlm00104/files/P27457/P27457_127/02-FASTQ/221205_A00689_0706_BHYV7CDSX3/P27457_127_S39_L004_R2_001.fastq.gz,
L2,,/proj/snic2020-5-486/dbp_gut_microbiome/DataDelivery_2023-01-10_15-17-23_ngisthlm00104/files/P27457/P27457_158/02-FASTQ/221205_A00689_0706_BHYV7CDSX3/P27457_158_S70_L004_R1_001.fastq.gz,/proj/snic2020-5-486/dbp_gut_microbiome/DataDelivery_2023-01-10_15-17-23_ngisthlm00104/files/P27457/P27457_158/02-FASTQ/221205_A00689_0706_BHYV7CDSX3/P27457_158_S70_L004_R2_001.fastq.gz,
L1,,/proj/snic2020-5-486/dbp_gut_microbiome/DataDelivery_2023-01-10_15-17-23_ngisthlm00104/files/P27457/P27457_144/02-FASTQ/221205_A00689_0706_BHYV7CDSX3/P27457_144_S56_L004_R1_001.fastq.gz,/proj/snic2020-5-486/dbp_gut_microbiome/DataDelivery_2023-01-10_15-17-23_ngisthlm00104/files/P27457/P27457_144/02-FASTQ/221205_A00689_0706_BHYV7CDSX3/P27457_144_S56_L004_R2_001.fastq.gz,
C12_t.r,,/proj/snic2020-5-486/dbp_gut_microbiome/DataDelivery_2023-01-10_15-17-23_ngisthlm00104/files/P27457/P27457_143/02-FASTQ/221205_A00689_0706_BHYV7CDSX3/P27457_143_S55_L004_R1_001.fastq.gz,/proj/snic2020-5-486/dbp_gut_microbiome/DataDelivery_2023-01-10_15-17-23_ngisthlm00104/files/P27457/P27457_143/02-FASTQ/221205_A00689_0706_BHYV7CDSX3/P27457_143_S55_L004_R2_001.fastq.gz,
C12,,/proj/snic2020-5-486/dbp_gut_microbiome/DataDelivery_2023-01-10_15-17-23_ngisthlm00104/files/P27457/P27457_209/02-FASTQ/221205_A00689_0706_BHYV7CDSX3/P27457_209_S113_L004_R1_001.fastq.gz,/proj/snic2020-5-486/dbp_gut_microbiome/DataDelivery_2023-01-10_15-17-23_ngisthlm00104/files/P27457/P27457_209/02-FASTQ/221205_A00689_0706_BHYV7CDSX3/P27457_209_S113_L004_R2_001.fastq.gz,
C15,,/proj/snic2020-5-486/dbp_gut_microbiome/DataDelivery_2023-01-10_15-17-23_ngisthlm00104/files/P27457/P27457_135/02-FASTQ/221205_A00689_0706_BHYV7CDSX3/P27457_135_S47_L004_R1_001.fastq.gz,/proj/snic2020-5-486/dbp_gut_microbiome/DataDelivery_2023-01-10_15-17-23_ngisthlm00104/files/P27457/P27457_135/02-FASTQ/221205_A00689_0706_BHYV7CDSX3/P27457_135_S47_L004_R2_001.fastq.gz,
C18,,/proj/snic2020-5-486/dbp_gut_microbiome/DataDelivery_2023-01-10_15-17-23_ngisthlm00104/files/P27457/P27457_164/02-FASTQ/221205_A00689_0706_BHYV7CDSX3/P27457_164_S76_L004_R1_001.fastq.gz,/proj/snic2020-5-486/dbp_gut_microbiome/DataDelivery_2023-01-10_15-17-23_ngisthlm00104/files/P27457/P27457_164/02-FASTQ/221205_A00689_0706_BHYV7CDSX3/P27457_164_S76_L004_R2_001.fastq.gz,
C13,,/proj/snic2020-5-486/dbp_gut_microbiome/DataDelivery_2023-01-10_15-17-23_ngisthlm00104/files/P27457/P27457_112/02-FASTQ/221205_A00689_0706_BHYV7CDSX3/P27457_112_S24_L004_R1_001.fastq.gz,/proj/snic2020-5-486/dbp_gut_microbiome/DataDelivery_2023-01-10_15-17-23_ngisthlm00104/files/P27457/P27457_112/02-FASTQ/221205_A00689_0706_BHYV7CDSX3/P27457_112_S24_L004_R2_001.fastq.gz,
C16,,/proj/snic2020-5-486/dbp_gut_microbiome/DataDelivery_2023-01-10_15-17-23_ngisthlm00104/files/P27457/P27457_140/02-FASTQ/221205_A00689_0706_BHYV7CDSX3/P27457_140_S52_L004_R1_001.fastq.gz,/proj/snic2020-5-486/dbp_gut_microbiome/DataDelivery_2023-01-10_15-17-23_ngisthlm00104/files/P27457/P27457_140/02-FASTQ/221205_A00689_0706_BHYV7CDSX3/P27457_140_S52_L004_R2_001.fastq.gz,
C14,,/proj/snic2020-5-486/dbp_gut_microbiome/DataDelivery_2023-01-10_15-17-23_ngisthlm00104/files/P27457/P27457_125/02-FASTQ/221205_A00689_0706_BHYV7CDSX3/P27457_125_S37_L004_R1_001.fastq.gz,/proj/snic2020-5-486/dbp_gut_microbiome/DataDelivery_2023-01-10_15-17-23_ngisthlm00104/files/P27457/P27457_125/02-FASTQ/221205_A00689_0706_BHYV7CDSX3/P27457_125_S37_L004_R2_001.fastq.gz,
C17,,/proj/snic2020-5-486/dbp_gut_microbiome/DataDelivery_2023-01-10_15-17-23_ngisthlm00104/files/P27457/P27457_162/02-FASTQ/221205_A00689_0706_BHYV7CDSX3/P27457_162_S74_L004_R1_001.fastq.gz,/proj/snic2020-5-486/dbp_gut_microbiome/DataDelivery_2023-01-10_15-17-23_ngisthlm00104/files/P27457/P27457_162/02-FASTQ/221205_A00689_0706_BHYV7CDSX3/P27457_162_S74_L004_R2_001.fastq.gz,
H14,,/proj/snic2020-5-486/dbp_gut_microbiome/DataDelivery_2023-01-10_15-17-23_ngisthlm00104/files/P27457/P27457_149/02-FASTQ/221205_A00689_0706_BHYV7CDSX3/P27457_149_S61_L004_R1_001.fastq.gz,/proj/snic2020-5-486/dbp_gut_microbiome/DataDelivery_2023-01-10_15-17-23_ngisthlm00104/files/P27457/P27457_149/02-FASTQ/221205_A00689_0706_BHYV7CDSX3/P27457_149_S61_L004_R2_001.fastq.gz,
H15,,/proj/snic2020-5-486/dbp_gut_microbiome/DataDelivery_2023-01-10_15-17-23_ngisthlm00104/files/P27457/P27457_161/02-FASTQ/221205_A00689_0706_BHYV7CDSX3/P27457_161_S73_L004_R1_001.fastq.gz,/proj/snic2020-5-486/dbp_gut_microbiome/DataDelivery_2023-01-10_15-17-23_ngisthlm00104/files/P27457/P27457_161/02-FASTQ/221205_A00689_0706_BHYV7CDSX3/P27457_161_S73_L004_R2_001.fastq.gz,
H17,,/proj/snic2020-5-486/dbp_gut_microbiome/DataDelivery_2023-01-10_15-17-23_ngisthlm00104/files/P27457/P27457_190/02-FASTQ/221205_A00689_0706_BHYV7CDSX3/P27457_190_S102_L004_R1_001.fastq.gz,/proj/snic2020-5-486/dbp_gut_microbiome/DataDelivery_2023-01-10_15-17-23_ngisthlm00104/files/P27457/P27457_190/02-FASTQ/221205_A00689_0706_BHYV7CDSX3/P27457_190_S102_L004_R2_001.fastq.gz,
H18,,/proj/snic2020-5-486/dbp_gut_microbiome/DataDelivery_2023-01-10_15-17-23_ngisthlm00104/files/P27457/P27457_172/02-FASTQ/221205_A00689_0706_BHYV7CDSX3/P27457_172_S84_L004_R1_001.fastq.gz,/proj/snic2020-5-486/dbp_gut_microbiome/DataDelivery_2023-01-10_15-17-23_ngisthlm00104/files/P27457/P27457_172/02-FASTQ/221205_A00689_0706_BHYV7CDSX3/P27457_172_S84_L004_R2_001.fastq.gz,
H12,,/proj/snic2020-5-486/dbp_gut_microbiome/DataDelivery_2023-01-10_15-17-23_ngisthlm00104/files/P27457/P27457_105/02-FASTQ/221205_A00689_0706_BHYV7CDSX3/P27457_105_S17_L004_R1_001.fastq.gz,/proj/snic2020-5-486/dbp_gut_microbiome/DataDelivery_2023-01-10_15-17-23_ngisthlm00104/files/P27457/P27457_105/02-FASTQ/221205_A00689_0706_BHYV7CDSX3/P27457_105_S17_L004_R2_001.fastq.gz,
H13,,/proj/snic2020-5-486/dbp_gut_microbiome/DataDelivery_2023-01-10_15-17-23_ngisthlm00104/files/P27457/P27457_110/02-FASTQ/221205_A00689_0706_BHYV7CDSX3/P27457_110_S22_L004_R1_001.fastq.gz,/proj/snic2020-5-486/dbp_gut_microbiome/DataDelivery_2023-01-10_15-17-23_ngisthlm00104/files/P27457/P27457_110/02-FASTQ/221205_A00689_0706_BHYV7CDSX3/P27457_110_S22_L004_R2_001.fastq.gz,
H13_t.r,,/proj/snic2020-5-486/dbp_gut_microbiome/DataDelivery_2023-01-10_15-17-23_ngisthlm00104/files/P27457/P27457_213/02-FASTQ/221205_A00689_0706_BHYV7CDSX3/P27457_213_S117_L004_R1_001.fastq.gz,/proj/snic2020-5-486/dbp_gut_microbiome/DataDelivery_2023-01-10_15-17-23_ngisthlm00104/files/P27457/P27457_213/02-FASTQ/221205_A00689_0706_BHYV7CDSX3/P27457_213_S117_L004_R2_001.fastq.gz,
H16,,/proj/snic2020-5-486/dbp_gut_microbiome/DataDelivery_2023-01-10_15-17-23_ngisthlm00104/files/P27457/P27457_141/02-FASTQ/221205_A00689_0706_BHYV7CDSX3/P27457_141_S53_L004_R1_001.fastq.gz,/proj/snic2020-5-486/dbp_gut_microbiome/DataDelivery_2023-01-10_15-17-23_ngisthlm00104/files/P27457/P27457_141/02-FASTQ/221205_A00689_0706_BHYV7CDSX3/P27457_141_S53_L004_R2_001.fastq.gz,
L12,,/proj/snic2020-5-486/dbp_gut_microbiome/DataDelivery_2023-01-10_15-17-23_ngisthlm00104/files/P27457/P27457_166/02-FASTQ/221205_A00689_0706_BHYV7CDSX3/P27457_166_S78_L004_R1_001.fastq.gz,/proj/snic2020-5-486/dbp_gut_microbiome/DataDelivery_2023-01-10_15-17-23_ngisthlm00104/files/P27457/P27457_166/02-FASTQ/221205_A00689_0706_BHYV7CDSX3/P27457_166_S78_L004_R2_001.fastq.gz,
L14,,/proj/snic2020-5-486/dbp_gut_microbiome/DataDelivery_2023-01-10_15-17-23_ngisthlm00104/files/P27457/P27457_188/02-FASTQ/221205_A00689_0706_BHYV7CDSX3/P27457_188_S100_L004_R1_001.fastq.gz,/proj/snic2020-5-486/dbp_gut_microbiome/DataDelivery_2023-01-10_15-17-23_ngisthlm00104/files/P27457/P27457_188/02-FASTQ/221205_A00689_0706_BHYV7CDSX3/P27457_188_S100_L004_R2_001.fastq.gz,
L13,,/proj/snic2020-5-486/dbp_gut_microbiome/DataDelivery_2023-01-10_15-17-23_ngisthlm00104/files/P27457/P27457_186/02-FASTQ/221205_A00689_0706_BHYV7CDSX3/P27457_186_S98_L004_R1_001.fastq.gz,/proj/snic2020-5-486/dbp_gut_microbiome/DataDelivery_2023-01-10_15-17-23_ngisthlm00104/files/P27457/P27457_186/02-FASTQ/221205_A00689_0706_BHYV7CDSX3/P27457_186_S98_L004_R2_001.fastq.gz,
L11_t.r,,/proj/snic2020-5-486/dbp_gut_microbiome/DataDelivery_2023-01-10_15-17-23_ngisthlm00104/files/P27457/P27457_201/02-FASTQ/221205_A00689_0706_BHYV7CDSX3/P27457_201_S105_L004_R1_001.fastq.gz,/proj/snic2020-5-486/dbp_gut_microbiome/DataDelivery_2023-01-10_15-17-23_ngisthlm00104/files/P27457/P27457_201/02-FASTQ/221205_A00689_0706_BHYV7CDSX3/P27457_201_S105_L004_R2_001.fastq.gz,
L11,,/proj/snic2020-5-486/dbp_gut_microbiome/DataDelivery_2023-01-10_15-17-23_ngisthlm00104/files/P27457/P27457_142/02-FASTQ/221205_A00689_0706_BHYV7CDSX3/P27457_142_S54_L004_R1_001.fastq.gz,/proj/snic2020-5-486/dbp_gut_microbiome/DataDelivery_2023-01-10_15-17-23_ngisthlm00104/files/P27457/P27457_142/02-FASTQ/221205_A00689_0706_BHYV7CDSX3/P27457_142_S54_L004_R2_001.fastq.gz,
L10,,/proj/snic2020-5-486/dbp_gut_microbiome/DataDelivery_2023-01-10_15-17-23_ngisthlm00104/files/P27457/P27457_130/02-FASTQ/221205_A00689_0706_BHYV7CDSX3/P27457_130_S42_L004_R1_001.fastq.gz,/proj/snic2020-5-486/dbp_gut_microbiome/DataDelivery_2023-01-10_15-17-23_ngisthlm00104/files/P27457/P27457_130/02-FASTQ/221205_A00689_0706_BHYV7CDSX3/P27457_130_S42_L004_R2_001.fastq.gz,
C32,,/proj/snic2020-5-486/dbp_gut_microbiome/DataDelivery_2023-01-10_15-17-23_ngisthlm00104/files/P27457/P27457_133/02-FASTQ/221205_A00689_0706_BHYV7CDSX3/P27457_133_S45_L004_R1_001.fastq.gz,/proj/snic2020-5-486/dbp_gut_microbiome/DataDelivery_2023-01-10_15-17-23_ngisthlm00104/files/P27457/P27457_133/02-FASTQ/221205_A00689_0706_BHYV7CDSX3/P27457_133_S45_L004_R2_001.fastq.gz,
C25,,/proj/snic2020-5-486/dbp_gut_microbiome/DataDelivery_2023-01-10_15-17-23_ngisthlm00104/files/P27457/P27457_126/02-FASTQ/221205_A00689_0706_BHYV7CDSX3/P27457_126_S38_L004_R1_001.fastq.gz,/proj/snic2020-5-486/dbp_gut_microbiome/DataDelivery_2023-01-10_15-17-23_ngisthlm00104/files/P27457/P27457_126/02-FASTQ/221205_A00689_0706_BHYV7CDSX3/P27457_126_S38_L004_R2_001.fastq.gz,
C31,,/proj/snic2020-5-486/dbp_gut_microbiome/DataDelivery_2023-01-10_15-17-23_ngisthlm00104/files/P27457/P27457_137/02-FASTQ/221205_A00689_0706_BHYV7CDSX3/P27457_137_S49_L004_R1_001.fastq.gz,/proj/snic2020-5-486/dbp_gut_microbiome/DataDelivery_2023-01-10_15-17-23_ngisthlm00104/files/P27457/P27457_137/02-FASTQ/221205_A00689_0706_BHYV7CDSX3/P27457_137_S49_L004_R2_001.fastq.gz,
C34,,/proj/snic2020-5-486/dbp_gut_microbiome/DataDelivery_2023-01-10_15-17-23_ngisthlm00104/files/P27457/P27457_171/02-FASTQ/221205_A00689_0706_BHYV7CDSX3/P27457_171_S83_L004_R1_001.fastq.gz,/proj/snic2020-5-486/dbp_gut_microbiome/DataDelivery_2023-01-10_15-17-23_ngisthlm00104/files/P27457/P27457_171/02-FASTQ/221205_A00689_0706_BHYV7CDSX3/P27457_171_S83_L004_R2_001.fastq.gz,
C19,,/proj/snic2020-5-486/dbp_gut_microbiome/DataDelivery_2023-01-10_15-17-23_ngisthlm00104/files/P27457/P27457_212/02-FASTQ/221205_A00689_0706_BHYV7CDSX3/P27457_212_S116_L004_R1_001.fastq.gz,/proj/snic2020-5-486/dbp_gut_microbiome/DataDelivery_2023-01-10_15-17-23_ngisthlm00104/files/P27457/P27457_212/02-FASTQ/221205_A00689_0706_BHYV7CDSX3/P27457_212_S116_L004_R2_001.fastq.gz,
C24,,/proj/snic2020-5-486/dbp_gut_microbiome/DataDelivery_2023-01-10_15-17-23_ngisthlm00104/files/P27457/P27457_139/02-FASTQ/221205_A00689_0706_BHYV7CDSX3/P27457_139_S51_L004_R1_001.fastq.gz,/proj/snic2020-5-486/dbp_gut_microbiome/DataDelivery_2023-01-10_15-17-23_ngisthlm00104/files/P27457/P27457_139/02-FASTQ/221205_A00689_0706_BHYV7CDSX3/P27457_139_S51_L004_R2_001.fastq.gz,
C20,,/proj/snic2020-5-486/dbp_gut_microbiome/DataDelivery_2023-01-10_15-17-23_ngisthlm00104/files/P27457/P27457_123/02-FASTQ/221205_A00689_0706_BHYV7CDSX3/P27457_123_S35_L004_R1_001.fastq.gz,/proj/snic2020-5-486/dbp_gut_microbiome/DataDelivery_2023-01-10_15-17-23_ngisthlm00104/files/P27457/P27457_123/02-FASTQ/221205_A00689_0706_BHYV7CDSX3/P27457_123_S35_L004_R2_001.fastq.gz,
C23,,/proj/snic2020-5-486/dbp_gut_microbiome/DataDelivery_2023-01-10_15-17-23_ngisthlm00104/files/P27457/P27457_102/02-FASTQ/221205_A00689_0706_BHYV7CDSX3/P27457_102_S14_L004_R1_001.fastq.gz,/proj/snic2020-5-486/dbp_gut_microbiome/DataDelivery_2023-01-10_15-17-23_ngisthlm00104/files/P27457/P27457_102/02-FASTQ/221205_A00689_0706_BHYV7CDSX3/P27457_102_S14_L004_R2_001.fastq.gz,
C27,,/proj/snic2020-5-486/dbp_gut_microbiome/DataDelivery_2023-01-10_15-17-23_ngisthlm00104/files/P27457/P27457_103/02-FASTQ/221205_A00689_0706_BHYV7CDSX3/P27457_103_S15_L004_R1_001.fastq.gz,/proj/snic2020-5-486/dbp_gut_microbiome/DataDelivery_2023-01-10_15-17-23_ngisthlm00104/files/P27457/P27457_103/02-FASTQ/221205_A00689_0706_BHYV7CDSX3/P27457_103_S15_L004_R2_001.fastq.gz,
C29,,/proj/snic2020-5-486/dbp_gut_microbiome/DataDelivery_2023-01-10_15-17-23_ngisthlm00104/files/P27457/P27457_147/02-FASTQ/221205_A00689_0706_BHYV7CDSX3/P27457_147_S59_L004_R1_001.fastq.gz,/proj/snic2020-5-486/dbp_gut_microbiome/DataDelivery_2023-01-10_15-17-23_ngisthlm00104/files/P27457/P27457_147/02-FASTQ/221205_A00689_0706_BHYV7CDSX3/P27457_147_S59_L004_R2_001.fastq.gz,
C28,,/proj/snic2020-5-486/dbp_gut_microbiome/DataDelivery_2023-01-10_15-17-23_ngisthlm00104/files/P27457/P27457_148/02-FASTQ/221205_A00689_0706_BHYV7CDSX3/P27457_148_S60_L004_R1_001.fastq.gz,/proj/snic2020-5-486/dbp_gut_microbiome/DataDelivery_2023-01-10_15-17-23_ngisthlm00104/files/P27457/P27457_148/02-FASTQ/221205_A00689_0706_BHYV7CDSX3/P27457_148_S60_L004_R2_001.fastq.gz,
C21,,/proj/snic2020-5-486/dbp_gut_microbiome/DataDelivery_2023-01-10_15-17-23_ngisthlm00104/files/P27457/P27457_163/02-FASTQ/221205_A00689_0706_BHYV7CDSX3/P27457_163_S75_L004_R1_001.fastq.gz,/proj/snic2020-5-486/dbp_gut_microbiome/DataDelivery_2023-01-10_15-17-23_ngisthlm00104/files/P27457/P27457_163/02-FASTQ/221205_A00689_0706_BHYV7CDSX3/P27457_163_S75_L004_R2_001.fastq.gz,
C26,,/proj/snic2020-5-486/dbp_gut_microbiome/DataDelivery_2023-01-10_15-17-23_ngisthlm00104/files/P27457/P27457_150/02-FASTQ/221205_A00689_0706_BHYV7CDSX3/P27457_150_S62_L004_R1_001.fastq.gz,/proj/snic2020-5-486/dbp_gut_microbiome/DataDelivery_2023-01-10_15-17-23_ngisthlm00104/files/P27457/P27457_150/02-FASTQ/221205_A00689_0706_BHYV7CDSX3/P27457_150_S62_L004_R2_001.fastq.gz,
C30,,/proj/snic2020-5-486/dbp_gut_microbiome/DataDelivery_2023-01-10_15-17-23_ngisthlm00104/files/P27457/P27457_207/02-FASTQ/221205_A00689_0706_BHYV7CDSX3/P27457_207_S111_L004_R1_001.fastq.gz,/proj/snic2020-5-486/dbp_gut_microbiome/DataDelivery_2023-01-10_15-17-23_ngisthlm00104/files/P27457/P27457_207/02-FASTQ/221205_A00689_0706_BHYV7CDSX3/P27457_207_S111_L004_R2_001.fastq.gz,
C19_t.r,,/proj/snic2020-5-486/dbp_gut_microbiome/DataDelivery_2023-01-10_15-17-23_ngisthlm00104/files/P27457/P27457_214/02-FASTQ/221205_A00689_0706_BHYV7CDSX3/P27457_214_S118_L004_R1_001.fastq.gz,/proj/snic2020-5-486/dbp_gut_microbiome/DataDelivery_2023-01-10_15-17-23_ngisthlm00104/files/P27457/P27457_214/02-FASTQ/221205_A00689_0706_BHYV7CDSX3/P27457_214_S118_L004_R2_001.fastq.gz,
C22,,/proj/snic2020-5-486/dbp_gut_microbiome/DataDelivery_2023-01-10_15-17-23_ngisthlm00104/files/P27457/P27457_146/02-FASTQ/221205_A00689_0706_BHYV7CDSX3/P27457_146_S58_L004_R1_001.fastq.gz,/proj/snic2020-5-486/dbp_gut_microbiome/DataDelivery_2023-01-10_15-17-23_ngisthlm00104/files/P27457/P27457_146/02-FASTQ/221205_A00689_0706_BHYV7CDSX3/P27457_146_S58_L004_R2_001.fastq.gz,
H27,F2_H,/proj/snic2020-5-486/dbp_gut_microbiome/DataDelivery_2023-01-10_15-17-23_ngisthlm00104/files/P27457/P27457_122/02-FASTQ/221205_A00689_0706_BHYV7CDSX3/P27457_122_S34_L004_R1_001.fastq.gz,/proj/snic2020-5-486/dbp_gut_microbiome/DataDelivery_2023-01-10_15-17-23_ngisthlm00104/files/P27457/P27457_122/02-FASTQ/221205_A00689_0706_BHYV7CDSX3/P27457_122_S34_L004_R2_001.fastq.gz,
H25,F2_H,/proj/snic2020-5-486/dbp_gut_microbiome/DataDelivery_2023-01-10_15-17-23_ngisthlm00104/files/P27457/P27457_215/02-FASTQ/221205_A00689_0706_BHYV7CDSX3/P27457_215_S119_L004_R1_001.fastq.gz,/proj/snic2020-5-486/dbp_gut_microbiome/DataDelivery_2023-01-10_15-17-23_ngisthlm00104/files/P27457/P27457_215/02-FASTQ/221205_A00689_0706_BHYV7CDSX3/P27457_215_S119_L004_R2_001.fastq.gz,
H24,F2_H,/proj/snic2020-5-486/dbp_gut_microbiome/DataDelivery_2023-01-10_15-17-23_ngisthlm00104/files/P27457/P27457_128/02-FASTQ/221205_A00689_0706_BHYV7CDSX3/P27457_128_S40_L004_R1_001.fastq.gz,/proj/snic2020-5-486/dbp_gut_microbiome/DataDelivery_2023-01-10_15-17-23_ngisthlm00104/files/P27457/P27457_128/02-FASTQ/221205_A00689_0706_BHYV7CDSX3/P27457_128_S40_L004_R2_001.fastq.gz,
H20,F2_H,/proj/snic2020-5-486/dbp_gut_microbiome/DataDelivery_2023-01-10_15-17-23_ngisthlm00104/files/P27457/P27457_216/02-FASTQ/221205_A00689_0706_BHYV7CDSX3/P27457_216_S120_L004_R1_001.fastq.gz,/proj/snic2020-5-486/dbp_gut_microbiome/DataDelivery_2023-01-10_15-17-23_ngisthlm00104/files/P27457/P27457_216/02-FASTQ/221205_A00689_0706_BHYV7CDSX3/P27457_216_S120_L004_R2_001.fastq.gz,
H29,F2_H,/proj/snic2020-5-486/dbp_gut_microbiome/DataDelivery_2023-01-10_15-17-23_ngisthlm00104/files/P27457/P27457_204/02-FASTQ/221205_A00689_0706_BHYV7CDSX3/P27457_204_S108_L004_R1_001.fastq.gz,/proj/snic2020-5-486/dbp_gut_microbiome/DataDelivery_2023-01-10_15-17-23_ngisthlm00104/files/P27457/P27457_204/02-FASTQ/221205_A00689_0706_BHYV7CDSX3/P27457_204_S108_L004_R2_001.fastq.gz,
H31,F2_H,/proj/snic2020-5-486/dbp_gut_microbiome/DataDelivery_2023-01-10_15-17-23_ngisthlm00104/files/P27457/P27457_107/02-FASTQ/221205_A00689_0706_BHYV7CDSX3/P27457_107_S19_L004_R1_001.fastq.gz,/proj/snic2020-5-486/dbp_gut_microbiome/DataDelivery_2023-01-10_15-17-23_ngisthlm00104/files/P27457/P27457_107/02-FASTQ/221205_A00689_0706_BHYV7CDSX3/P27457_107_S19_L004_R2_001.fastq.gz,
H23,F2_H,/proj/snic2020-5-486/dbp_gut_microbiome/DataDelivery_2023-01-10_15-17-23_ngisthlm00104/files/P27457/P27457_136/02-FASTQ/221205_A00689_0706_BHYV7CDSX3/P27457_136_S48_L004_R1_001.fastq.gz,/proj/snic2020-5-486/dbp_gut_microbiome/DataDelivery_2023-01-10_15-17-23_ngisthlm00104/files/P27457/P27457_136/02-FASTQ/221205_A00689_0706_BHYV7CDSX3/P27457_136_S48_L004_R2_001.fastq.gz,
H34,F2_H,/proj/snic2020-5-486/dbp_gut_microbiome/DataDelivery_2023-01-10_15-17-23_ngisthlm00104/files/P27457/P27457_177/02-FASTQ/221205_A00689_0706_BHYV7CDSX3/P27457_177_S89_L004_R1_001.fastq.gz,/proj/snic2020-5-486/dbp_gut_microbiome/DataDelivery_2023-01-10_15-17-23_ngisthlm00104/files/P27457/P27457_177/02-FASTQ/221205_A00689_0706_BHYV7CDSX3/P27457_177_S89_L004_R2_001.fastq.gz,
H32,F2_H,/proj/snic2020-5-486/dbp_gut_microbiome/DataDelivery_2023-01-10_15-17-23_ngisthlm00104/files/P27457/P27457_175/02-FASTQ/221205_A00689_0706_BHYV7CDSX3/P27457_175_S87_L004_R1_001.fastq.gz,/proj/snic2020-5-486/dbp_gut_microbiome/DataDelivery_2023-01-10_15-17-23_ngisthlm00104/files/P27457/P27457_175/02-FASTQ/221205_A00689_0706_BHYV7CDSX3/P27457_175_S87_L004_R2_001.fastq.gz,
H21,F2_H,/proj/snic2020-5-486/dbp_gut_microbiome/DataDelivery_2023-01-10_15-17-23_ngisthlm00104/files/P27457/P27457_108/02-FASTQ/221205_A00689_0706_BHYV7CDSX3/P27457_108_S20_L004_R1_001.fastq.gz,/proj/snic2020-5-486/dbp_gut_microbiome/DataDelivery_2023-01-10_15-17-23_ngisthlm00104/files/P27457/P27457_108/02-FASTQ/221205_A00689_0706_BHYV7CDSX3/P27457_108_S20_L004_R2_001.fastq.gz,
H33,F2_H,/proj/snic2020-5-486/dbp_gut_microbiome/DataDelivery_2023-01-10_15-17-23_ngisthlm00104/files/P27457/P27457_170/02-FASTQ/221205_A00689_0706_BHYV7CDSX3/P27457_170_S82_L004_R1_001.fastq.gz,/proj/snic2020-5-486/dbp_gut_microbiome/DataDelivery_2023-01-10_15-17-23_ngisthlm00104/files/P27457/P27457_170/02-FASTQ/221205_A00689_0706_BHYV7CDSX3/P27457_170_S82_L004_R2_001.fastq.gz,
H26,F2_H,/proj/snic2020-5-486/dbp_gut_microbiome/DataDelivery_2023-01-10_15-17-23_ngisthlm00104/files/P27457/P27457_168/02-FASTQ/221205_A00689_0706_BHYV7CDSX3/P27457_168_S80_L004_R1_001.fastq.gz,/proj/snic2020-5-486/dbp_gut_microbiome/DataDelivery_2023-01-10_15-17-23_ngisthlm00104/files/P27457/P27457_168/02-FASTQ/221205_A00689_0706_BHYV7CDSX3/P27457_168_S80_L004_R2_001.fastq.gz,
H22,F2_H,/proj/snic2020-5-486/dbp_gut_microbiome/DataDelivery_2023-01-10_15-17-23_ngisthlm00104/files/P27457/P27457_151/02-FASTQ/221205_A00689_0706_BHYV7CDSX3/P27457_151_S63_L004_R1_001.fastq.gz,/proj/snic2020-5-486/dbp_gut_microbiome/DataDelivery_2023-01-10_15-17-23_ngisthlm00104/files/P27457/P27457_151/02-FASTQ/221205_A00689_0706_BHYV7CDSX3/P27457_151_S63_L004_R2_001.fastq.gz,
H28,F2_H,/proj/snic2020-5-486/dbp_gut_microbiome/DataDelivery_2023-01-10_15-17-23_ngisthlm00104/files/P27457/P27457_159/02-FASTQ/221205_A00689_0706_BHYV7CDSX3/P27457_159_S71_L004_R1_001.fastq.gz,/proj/snic2020-5-486/dbp_gut_microbiome/DataDelivery_2023-01-10_15-17-23_ngisthlm00104/files/P27457/P27457_159/02-FASTQ/221205_A00689_0706_BHYV7CDSX3/P27457_159_S71_L004_R2_001.fastq.gz,
H30,F2_H,/proj/snic2020-5-486/dbp_gut_microbiome/DataDelivery_2023-01-10_15-17-23_ngisthlm00104/files/P27457/P27457_202/02-FASTQ/221205_A00689_0706_BHYV7CDSX3/P27457_202_S106_L004_R1_001.fastq.gz,/proj/snic2020-5-486/dbp_gut_microbiome/DataDelivery_2023-01-10_15-17-23_ngisthlm00104/files/P27457/P27457_202/02-FASTQ/221205_A00689_0706_BHYV7CDSX3/P27457_202_S106_L004_R2_001.fastq.gz,
H32_t.r,F2_H,/proj/snic2020-5-486/dbp_gut_microbiome/DataDelivery_2023-01-10_15-17-23_ngisthlm00104/files/P27457/P27457_211/02-FASTQ/221205_A00689_0706_BHYV7CDSX3/P27457_211_S115_L004_R1_001.fastq.gz,/proj/snic2020-5-486/dbp_gut_microbiome/DataDelivery_2023-01-10_15-17-23_ngisthlm00104/files/P27457/P27457_211/02-FASTQ/221205_A00689_0706_BHYV7CDSX3/P27457_211_S115_L004_R2_001.fastq.gz,
L28,,/proj/snic2020-5-486/dbp_gut_microbiome/DataDelivery_2023-01-10_15-17-23_ngisthlm00104/files/P27457/P27457_208/02-FASTQ/221205_A00689_0706_BHYV7CDSX3/P27457_208_S112_L004_R1_001.fastq.gz,/proj/snic2020-5-486/dbp_gut_microbiome/DataDelivery_2023-01-10_15-17-23_ngisthlm00104/files/P27457/P27457_208/02-FASTQ/221205_A00689_0706_BHYV7CDSX3/P27457_208_S112_L004_R2_001.fastq.gz,
L17,,/proj/snic2020-5-486/dbp_gut_microbiome/DataDelivery_2023-01-10_15-17-23_ngisthlm00104/files/P27457/P27457_210/02-FASTQ/221205_A00689_0706_BHYV7CDSX3/P27457_210_S114_L004_R1_001.fastq.gz,/proj/snic2020-5-486/dbp_gut_microbiome/DataDelivery_2023-01-10_15-17-23_ngisthlm00104/files/P27457/P27457_210/02-FASTQ/221205_A00689_0706_BHYV7CDSX3/P27457_210_S114_L004_R2_001.fastq.gz,
L30,,/proj/snic2020-5-486/dbp_gut_microbiome/DataDelivery_2023-01-10_15-17-23_ngisthlm00104/files/P27457/P27457_114/02-FASTQ/221205_A00689_0706_BHYV7CDSX3/P27457_114_S26_L004_R1_001.fastq.gz,/proj/snic2020-5-486/dbp_gut_microbiome/DataDelivery_2023-01-10_15-17-23_ngisthlm00104/files/P27457/P27457_114/02-FASTQ/221205_A00689_0706_BHYV7CDSX3/P27457_114_S26_L004_R2_001.fastq.gz,
L26,,/proj/snic2020-5-486/dbp_gut_microbiome/DataDelivery_2023-01-10_15-17-23_ngisthlm00104/files/P27457/P27457_152/02-FASTQ/221205_A00689_0706_BHYV7CDSX3/P27457_152_S64_L004_R1_001.fastq.gz,/proj/snic2020-5-486/dbp_gut_microbiome/DataDelivery_2023-01-10_15-17-23_ngisthlm00104/files/P27457/P27457_152/02-FASTQ/221205_A00689_0706_BHYV7CDSX3/P27457_152_S64_L004_R2_001.fastq.gz,
L16,,/proj/snic2020-5-486/dbp_gut_microbiome/DataDelivery_2023-01-10_15-17-23_ngisthlm00104/files/P27457/P27457_187/02-FASTQ/221205_A00689_0706_BHYV7CDSX3/P27457_187_S99_L004_R1_001.fastq.gz,/proj/snic2020-5-486/dbp_gut_microbiome/DataDelivery_2023-01-10_15-17-23_ngisthlm00104/files/P27457/P27457_187/02-FASTQ/221205_A00689_0706_BHYV7CDSX3/P27457_187_S99_L004_R2_001.fastq.gz,
L21,,/proj/snic2020-5-486/dbp_gut_microbiome/DataDelivery_2023-01-10_15-17-23_ngisthlm00104/files/P27457/P27457_181/02-FASTQ/221205_A00689_0706_BHYV7CDSX3/P27457_181_S93_L004_R1_001.fastq.gz,/proj/snic2020-5-486/dbp_gut_microbiome/DataDelivery_2023-01-10_15-17-23_ngisthlm00104/files/P27457/P27457_181/02-FASTQ/221205_A00689_0706_BHYV7CDSX3/P27457_181_S93_L004_R2_001.fastq.gz,
L29,,/proj/snic2020-5-486/dbp_gut_microbiome/DataDelivery_2023-01-10_15-17-23_ngisthlm00104/files/P27457/P27457_104/02-FASTQ/221205_A00689_0706_BHYV7CDSX3/P27457_104_S16_L004_R1_001.fastq.gz,/proj/snic2020-5-486/dbp_gut_microbiome/DataDelivery_2023-01-10_15-17-23_ngisthlm00104/files/P27457/P27457_104/02-FASTQ/221205_A00689_0706_BHYV7CDSX3/P27457_104_S16_L004_R2_001.fastq.gz,
L29_t.r,,/proj/snic2020-5-486/dbp_gut_microbiome/DataDelivery_2023-01-10_15-17-23_ngisthlm00104/files/P27457/P27457_165/02-FASTQ/221205_A00689_0706_BHYV7CDSX3/P27457_165_S77_L004_R1_001.fastq.gz,/proj/snic2020-5-486/dbp_gut_microbiome/DataDelivery_2023-01-10_15-17-23_ngisthlm00104/files/P27457/P27457_165/02-FASTQ/221205_A00689_0706_BHYV7CDSX3/P27457_165_S77_L004_R2_001.fastq.gz,
L15,,/proj/snic2020-5-486/dbp_gut_microbiome/DataDelivery_2023-01-10_15-17-23_ngisthlm00104/files/P27457/P27457_160/02-FASTQ/221205_A00689_0706_BHYV7CDSX3/P27457_160_S72_L004_R1_001.fastq.gz,/proj/snic2020-5-486/dbp_gut_microbiome/DataDelivery_2023-01-10_15-17-23_ngisthlm00104/files/P27457/P27457_160/02-FASTQ/221205_A00689_0706_BHYV7CDSX3/P27457_160_S72_L004_R2_001.fastq.gz,
L22,,/proj/snic2020-5-486/dbp_gut_microbiome/DataDelivery_2023-01-10_15-17-23_ngisthlm00104/files/P27457/P27457_157/02-FASTQ/221205_A00689_0706_BHYV7CDSX3/P27457_157_S69_L004_R1_001.fastq.gz,/proj/snic2020-5-486/dbp_gut_microbiome/DataDelivery_2023-01-10_15-17-23_ngisthlm00104/files/P27457/P27457_157/02-FASTQ/221205_A00689_0706_BHYV7CDSX3/P27457_157_S69_L004_R2_001.fastq.gz,
L25,,/proj/snic2020-5-486/dbp_gut_microbiome/DataDelivery_2023-01-10_15-17-23_ngisthlm00104/files/P27457/P27457_217/02-FASTQ/221205_A00689_0706_BHYV7CDSX3/P27457_217_S121_L004_R1_001.fastq.gz,/proj/snic2020-5-486/dbp_gut_microbiome/DataDelivery_2023-01-10_15-17-23_ngisthlm00104/files/P27457/P27457_217/02-FASTQ/221205_A00689_0706_BHYV7CDSX3/P27457_217_S121_L004_R2_001.fastq.gz,
L27,,/proj/snic2020-5-486/dbp_gut_microbiome/DataDelivery_2023-01-10_15-17-23_ngisthlm00104/files/P27457/P27457_111/02-FASTQ/221205_A00689_0706_BHYV7CDSX3/P27457_111_S23_L004_R1_001.fastq.gz,/proj/snic2020-5-486/dbp_gut_microbiome/DataDelivery_2023-01-10_15-17-23_ngisthlm00104/files/P27457/P27457_111/02-FASTQ/221205_A00689_0706_BHYV7CDSX3/P27457_111_S23_L004_R2_001.fastq.gz,
L23,,/proj/snic2020-5-486/dbp_gut_microbiome/DataDelivery_2023-01-10_15-17-23_ngisthlm00104/files/P27457/P27457_129/02-FASTQ/221205_A00689_0706_BHYV7CDSX3/P27457_129_S41_L004_R1_001.fastq.gz,/proj/snic2020-5-486/dbp_gut_microbiome/DataDelivery_2023-01-10_15-17-23_ngisthlm00104/files/P27457/P27457_129/02-FASTQ/221205_A00689_0706_BHYV7CDSX3/P27457_129_S41_L004_R2_001.fastq.gz,
L24,,/proj/snic2020-5-486/dbp_gut_microbiome/DataDelivery_2023-01-10_15-17-23_ngisthlm00104/files/P27457/P27457_124/02-FASTQ/221205_A00689_0706_BHYV7CDSX3/P27457_124_S36_L004_R1_001.fastq.gz,/proj/snic2020-5-486/dbp_gut_microbiome/DataDelivery_2023-01-10_15-17-23_ngisthlm00104/files/P27457/P27457_124/02-FASTQ/221205_A00689_0706_BHYV7CDSX3/P27457_124_S36_L004_R2_001.fastq.gz,
L20,,/proj/snic2020-5-486/dbp_gut_microbiome/DataDelivery_2023-01-10_15-17-23_ngisthlm00104/files/P27457/P27457_120/02-FASTQ/221205_A00689_0706_BHYV7CDSX3/P27457_120_S32_L004_R1_001.fastq.gz,/proj/snic2020-5-486/dbp_gut_microbiome/DataDelivery_2023-01-10_15-17-23_ngisthlm00104/files/P27457/P27457_120/02-FASTQ/221205_A00689_0706_BHYV7CDSX3/P27457_120_S32_L004_R2_001.fastq.gz,
L18,,/proj/snic2020-5-486/dbp_gut_microbiome/DataDelivery_2023-01-10_15-17-23_ngisthlm00104/files/P27457/P27457_119/02-FASTQ/221205_A00689_0706_BHYV7CDSX3/P27457_119_S31_L004_R1_001.fastq.gz,/proj/snic2020-5-486/dbp_gut_microbiome/DataDelivery_2023-01-10_15-17-23_ngisthlm00104/files/P27457/P27457_119/02-FASTQ/221205_A00689_0706_BHYV7CDSX3/P27457_119_S31_L004_R2_001.fastq.gz,
L19,,/proj/snic2020-5-486/dbp_gut_microbiome/DataDelivery_2023-01-10_15-17-23_ngisthlm00104/files/P27457/P27457_118/02-FASTQ/221205_A00689_0706_BHYV7CDSX3/P27457_118_S30_L004_R1_001.fastq.gz,/proj/snic2020-5-486/dbp_gut_microbiome/DataDelivery_2023-01-10_15-17-23_ngisthlm00104/files/P27457/P27457_118/02-FASTQ/221205_A00689_0706_BHYV7CDSX3/P27457_118_S30_L004_R2_001.fastq.gz,
m.c,,/proj/snic2020-5-486/dbp_gut_microbiome/DataDelivery_2023-01-10_15-17-23_ngisthlm00104/files/P27457/P27457_191/02-FASTQ/221205_A00689_0706_BHYV7CDSX3/P27457_191_S103_L004_R1_001.fastq.gz,/proj/snic2020-5-486/dbp_gut_microbiome/DataDelivery_2023-01-10_15-17-23_ngisthlm00104/files/P27457/P27457_191/02-FASTQ/221205_A00689_0706_BHYV7CDSX3/P27457_191_S103_L004_R2_001.fastq.gz,
m.c_2,,/proj/snic2020-5-486/dbp_gut_microbiome/DataDelivery_2023-01-10_15-17-23_ngisthlm00104/files/P27457/P27457_192/02-FASTQ/221205_A00689_0706_BHYV7CDSX3/P27457_192_S104_L004_R1_001.fastq.gz,/proj/snic2020-5-486/dbp_gut_microbiome/DataDelivery_2023-01-10_15-17-23_ngisthlm00104/files/P27457/P27457_192/02-FASTQ/221205_A00689_0706_BHYV7CDSX3/P27457_192_S104_L004_R2_001.fastq.gz,
m.c_3,,/proj/snic2020-5-486/dbp_gut_microbiome/DataDelivery_2023-01-10_15-17-23_ngisthlm00104/files/P27457/P27457_218/02-FASTQ/221205_A00689_0706_BHYV7CDSX3/P27457_218_S122_L004_R1_001.fastq.gz,/proj/snic2020-5-486/dbp_gut_microbiome/DataDelivery_2023-01-10_15-17-23_ngisthlm00104/files/P27457/P27457_218/02-FASTQ/221205_A00689_0706_BHYV7CDSX3/P27457_218_S122_L004_R2_001.fastq.gz,
